Neil cicierega 300mb,https://www.youtube.com/watch?v=mSHUIEDBbl4,0
Kanye West good morning,https://www.youtube.com/watch?v=6CHs4x2uqcQ,0
Gilli Baina,https://www.youtube.com/watch?v=Yw11uMF8GS0,13
Tame impala - apocalypse dreams,https://www.youtube.com/watch?v=KQH2Kq1QXaI,0
Rocazino en for alle,https://www.youtube.com/watch?v=JnPqpx6bSbU,0
MF DOOM - guinnesses,https://www.youtube.com/watch?v=0Z_yBVuOCNU,24
Sugababes- push the button,https://www.youtube.com/watch?v=0MDaU_g_R-c,13
harry styles- as it was,https://www.youtube.com/watch?v=dyjDgIHZve0,0
tv2 de fÃ¸rste kÃ¦rester pÃ¥ mÃ¥nen,https://www.youtube.com/watch?v=Woy7WRQrUHc,0
artigeardit er her,https://www.youtube.com/watch?v=1VQRxuXqPYk,0
future islands - king of sweden,https://www.youtube.com/watch?v=P9m9yYT2hFc,57
The streets push things forward,https://www.youtube.com/watch?v=QOddpk8jOtU,11
latto - big energy,https://www.youtube.com/watch?v=J_etjp83wwg,0
Britney-gimme more,https://www.youtube.com/watch?v=4eLj0F_rFkk,10
Kanye American boy,https://www.youtube.com/watch?v=h7t9o5STsK0,15
drÃ¶mhus - vill ha dig,https://www.youtube.com/watch?v=tjWGw0n6rxU,24
can-moonshake,https://www.youtube.com/watch?v=IL4B69x8X7s,0
Rx nephew-30 on ya elbow,https://www.youtube.com/watch?v=1Eb34nW6aI8,12
Doobie brothers what a fool believes,https://www.youtube.com/watch?v=dJe1iUuAW4M,0
NERD things are getting better,https://www.youtube.com/watch?v=KzPLPb8QuuM,19
Migos bad and boujee cant touch this,https://soundcloud.com/damon-baan/migos-bad-and-boujee-cant?si=dbfc665f014a44a2821a8c487e454e95&utm_source=clipboard&utm_medium=text&utm_campaign=social_sharing,11
Arcade fire the suburbs,https://www.youtube.com/watch?v=NHHLISaLe44,0
one-t magic key,https://www.youtube.com/watch?v=TQV-0fwwCQM,17
George Clinton-computer games,https://www.youtube.com/watch?v=wG7THvPIh2c,11
Justin timberlake rock your body,https://www.youtube.com/watch?v=NUclNUwW2zo,0
Daft Punk digital love,https://www.youtube.com/watch?v=4whD6uAryMs,103.5
Savage major lazer remix,https://www.youtube.com/watch?v=-EG4_0I22rw,0
Santana o ye como va,https://www.youtube.com/watch?v=J7ATTjg7tpE,0
BlÃ¦st-kig op fra gulvet,https://www.youtube.com/watch?v=W-wzrZ_WMbs&list=OLAK5uy_n7JkiwVnbar8_Rpo2BVoWC7aArPLqZ9cU,48
charlotte adigery - blenda,https://www.youtube.com/watch?v=qGnCdRZG01M,0
Ryan Paris - Dolce Vita,https://www.youtube.com/watch?v=EXmABxvHTG4,0
KIDD- bare dans,https://www.youtube.com/watch?v=JECUMt5AuZo,4
Indedep last night,https://www.youtube.com/watch?v=GtfZbj4J71A,15
J dilla stop,https://www.youtube.com/watch?v=Ek_cufWYvjE,5
Montell This is how we do it,https://www.youtube.com/watch?v=3lsPNR-boqM,11
fabrÃ¤k dÃ¥rligt,https://soundcloud.com/fabrak/daarligt?si=15898c94beeb41908c6f0b4dad508213&utm_source=clipboard&utm_medium=text&utm_campaign=social_sharing,12
Fat Boy slim - rockafella skank,https://www.youtube.com/watch?v=5onsyfIzPUY,27
Anderson Paak come down,https://www.youtube.com/watch?v=z0iD_gNUBJU,8
Bloodhound gang the bad touch,https://www.youtube.com/watch?v=STx3skFs5T0,24
Drake - hotline bling,https://www.youtube.com/watch?v=KYHBv5miIqQ,12
Kim Carnes bette davis eyes,https://www.youtube.com/watch?v=AlZEdyo6uwY,40
LUNA Ferrari,https://www.youtube.com/watch?v=LGRDK_efPw0,0
Lykke li -i follow rivers magician remix,https://www.youtube.com/watch?v=3FXMsoTTcog,32
Re-sepp-ten,https://www.youtube.com/watch?v=YQuJQtcw1kA,35
madonna hung up,https://www.youtube.com/watch?v=e99M6-7KW0k,43.5
Japanese breakfast be sweet,https://www.youtube.com/watch?v=E7-jiktiwPg,0
50 cent p.i.m.p,https://www.youtube.com/watch?v=Jy1D6caG8nU,0
Gorillaz feel good inc,https://www.youtube.com/watch?v=ZxVw7bvMd3s,64.5
parcels tieduprightnow,https://www.youtube.com/watch?v=dhAR_VnEAZ8,23
Michael jackson thriller,https://www.youtube.com/watch?v=rLMr9CsJHME,50
Shouse Love tonight,https://www.youtube.com/watch?v=V0woPCb5xk8,15
gwen stefani rich girl,https://www.youtube.com/watch?v=YRCaIfV7pFM,12
talking heads - moon rocks,https://www.youtube.com/watch?v=kFUH4L3ZTUk,0
Fergie glamorous,https://www.youtube.com/watch?v=XTD7iz5Et0A,15
Peter frÃ¶din vent pÃ¥ mig,https://www.youtube.com/watch?v=qkIzFX9sl4w,0
Gnarls barkley crazy,https://www.youtube.com/watch?v=Qe500eIK1oA,0
minds of 99 barn af min tid,https://www.youtube.com/watch?v=UxOXpOWxJf8,37
Gilli-kender ik i morgen,https://www.youtube.com/watch?v=ovtxmoVthWM,12
Depeche mode- enjoy the silence,https://www.youtube.com/watch?v=8DPAUVmJHss,0
Robyn Dancing on my own,https://www.youtube.com/watch?v=WMth6xZlVJU,32.5
Dua Lipa dont start now,https://www.youtube.com/watch?v=LcrahEiFuUM,30.5
Gulddreng helt sikker,https://www.youtube.com/watch?v=UxsFivVlU30,92
Marvelous mosell catastrofal ravage,https://www.youtube.com/watch?v=kouSsI3suyw,0
Fat Joe whats luv,https://www.youtube.com/watch?v=S6GVu0W_--I,0
timbaland give it to me,https://www.youtube.com/watch?v=w5D-QbgBXJ4,17
snoop dogg beautiful,https://www.youtube.com/watch?v=B0XreQklF_w,0
The weeknd i feel it coming,https://www.youtube.com/watch?v=iIWoYaJRryw,19
Pet shop boys west end girls,https://www.youtube.com/watch?v=RVz4MMxq7Es,168
Medina velkommen til medina,https://www.youtube.com/watch?v=Tff8jd6wZWM,3
Johnson Kig forbi,https://www.youtube.com/watch?v=LLeg_YlCH8U,75.5
Meghan thee stallion her,https://www.youtube.com/watch?v=7cznzCgy9NU,0
Goodboys - bongo cha cha cha,https://www.youtube.com/watch?v=8dp9DPqzEG0,0
Nik og jay saxo hot,https://soundcloud.com/david-egebjerg/nik-jay-saxo-hot-egebjerg?si=0dac917fdfd34554a7252210d22b2663&utm_source=clipboard&utm_medium=text&utm_campaign=social_sharing,29
Disclosure douha,https://www.youtube.com/watch?v=RLsFUmCYZwI,0
Kaytranada 10%,https://www.youtube.com/watch?v=8yWm2LcPZ4U,8
Platinum doug- cream,https://www.youtube.com/watch?v=_iTT6-dK2Mk,31
Michael Sembello Maniac,https://www.youtube.com/watch?v=6GCNUeTFSbA,20
Artigeardit hvor fuck er min drink henne,https://www.youtube.com/watch?v=UfIk0YbAEpI,8
Tobias Rahim Mucki Bar,https://www.youtube.com/watch?v=ezFsAWK_HF8,6
Emil Stabil er det en fugl,https://www.youtube.com/watch?v=ntVMiHB6Nnc,0
Bruce Springsteen dancing in the dark,https://www.youtube.com/watch?v=8cNS_Mecbw8,0
Black eyed peas pump it,https://www.youtube.com/watch?v=BHfXhiUgnQ0,0
Fisher stop it,https://www.youtube.com/watch?v=KHg4IvO5NB8,12
PIND hurra,https://www.youtube.com/watch?v=CRWpBHOeRac,188
Huey Lewis and the news the power of love,https://www.youtube.com/watch?v=-UQFBtHEFJ8,0
Sophie Ellis-Bextor murder on the dancefloor,https://www.youtube.com/watch?v=tePdQJ6uI_4,20
sol over gudhjem - torpedorr,https://soundcloud.com/torrpedorrofficial/sol-over-gudhjem?si=f89c8f0bac3f4a93a82772faf14f2864&utm_source=clipboard&utm_medium=text&utm_campaign=social_sharing,2.5
errudumellerhvad remix,https://soundcloud.com/yojohnnymusic/errudumellahvad-yo-johnny-bootleg-leak?si=85c2bf1600294a728b6e3b00f73447e7&utm_source=clipboard&utm_medium=text&utm_campaign=social_sharing,12
Malk de koijn - musclebundt,https://www.youtube.com/watch?v=lIpW5YDIwgk,0
pitbull-dont stop the party,https://www.youtube.com/watch?v=pz4Gd_u98ok,15
paradisio bailando,https://www.youtube.com/watch?v=oBIpw5Ni2WM,14.5
Shakira hips dont lie,https://www.youtube.com/watch?v=rONPuz9xMdo,10
Lynyrd Skynyrd free bird,https://www.youtube.com/watch?v=IGLVMBTIAPE,287
acraze do it to it,https://www.youtube.com/watch?v=6wwuEXlIniU,47
The Clash rock the casbah,https://www.youtube.com/watch?v=LJTk64tzduQ,0
hot in herre hey shorty,https://soundcloud.com/heyshortymashups2/shorty-in-here,0
Gasellit disko,https://www.youtube.com/watch?v=sC859A2QHoU,0
Pattesutter det kÃ¸rer,https://www.youtube.com/watch?v=MlmjR9eeai0,0
That's not me remix,https://soundcloud.com/deanmctaggartfts/thats-not-me-intoxicated-remix?si=a37854e1b3de4535b2f15fd944c524a5&utm_source=clipboard&utm_medium=text&utm_campaign=social_sharing,53
LUNA Hus,https://www.youtube.com/watch?v=I51yGJrXMvM,0
